brand,aliases,name_fr
Kraft Dinner,KD|KRAFT DINNER|KRAFT DINER,Kraft Dîner
President's Choice,PC|PRESIDENTS CHOICE|PRESIDENT'S CHOICE,Le Choix du Président
Tide,TIDE,Tide
Coca-Cola,COKE|COCA COLA|COCA-COLA,Coca-Cola
iögo,IOGO|IÖGO,iögo
Natrel,NATREL,Natrel
Lay's,LAYS|LAY'S,Lay's
no name,NO NAME|NONAME,sans nom
Heinz,HEINZ,Heinz
Cheerios,CHEERIOS,Cheerios
Dempster's,DEMPSTERS|DEMPSTER'S,Dempster's
Maple Leaf,MAPLE LEAF,Maple Leaf
Oasis,OASIS,Oasis
Quaker,QUAKER,Quaker
Charmin,CHARMIN,Charmin
Tostitos,TOSTITOS,Tostitos
Dove,DOVE,Dove
Lactantia,LACTANTIA,Lactantia
Bounty,BOUNTY,Bounty
Oreo,OREO|CHRISTIE OREO,Oreo
