sku,title,promo_start,promo_end,orig_price,promo_price,category,client,description,size,max_copy_chars
SKU_TECH_001,"TechNet Dual-Band Router",2026/11/01,11-15-2026,199.99,149.99,Electronics,TechCorp,"High-speed wireless router with dual-band support",,200
SKU_FASH_001,"Summer Breeze Dress",11/05/2026,2026.11.20,49.99,29.99,Apparel,FashionCo,"Summer floral dress in breathable cotton",,220
SKU_BEAUTY_001,"YouthRevive Night Cream","Nov 10, 2026",25-Nov-26,89.00,75.00,Beauty,FashionCo,"Anti-aging night cream enriched with hyaluronic acid",50 ml,220
SKU_BEVERAGE_001,"MorningKick Cold Brew",11/11/26,2026-11-12,12.00,8.00,Groceries,TechCorp,"Organic cold brew coffee ready to drink",16 oz,200
SKU_HOME_001,"GreenEarth Laundry Detergent",2026-11-20 00:00:00,2026-11-30T23:59:59Z,29.99,19.99,Home,FashionCo,"Eco-friendly liquid laundry detergent",2 L,220
SKU_GROCERY_002,"WakeMeUp Coffee Pods",2026/11/10,2026-11-20,15.99,11.99,Groceries,TechCorp,"Premium dark roast coffee pods",42ct,200
SKU_BEAUTY_002,"PureSkin Wipes",11-01-2026,2026.11.15,9.99,6.99,Beauty,FashionCo,"Makeup remover cleansing wipes",60 ct,220
SKU_TECH_001,"TechNet Dual-Band Router",2026/11/01,11-15-2026,199.99,149.99,Electronics,TechCorp,"High-speed wireless router with dual-band support",,200
SKU_FASH_001,"Summer Breeze Dress",11/05/2026,2026.11.20,49.99,29.99,Apparel,FashionCo,"Summer floral dress in breathable cotton",,220
