client,sku,vendor,description,promo,reg_price,dept,promo_start,promo_end,status
northmart,100231,V101,KD MAC&CHS ORIGINAL 225G,2/$3,1.99,GROCERY,2026-10-01,2026-10-07,valid
northmart,100232,V101,PC BLUE MENU PASTA 900 G,2 FOR 5.00,3.49,GROCERY,2026-10-01,2026-10-07,valid
northmart,100233,V202,TIDE PODS 42CT,SAVE $4,15.99,HOUSEHOLD,2026-10-01,2026-10-07,valid
northmart,100234,V202,COKE 12X355ML,$5.99,8.49,BEVERAGE,2026-09-28,2026-10-07,valid
boreal,100235,V303,IOGO YOGOURT VANILLE 650G,3.49 EA,429,DAIRY,2026-01-10,2026-07-10,out_of_period
boreal,100236,V303,NATREL 2% LAIT 2L,2/$9,599,DAIRY,2026-09-30,2026-07-10,need review
northmart,100237,V101,ONTARIO GALA APPLES,$1.99/LB,,PRODUCE,2026-10-01,2026-10-07,valid
northmart,100238,V202,LAYS CHIPS CLASSIQUE 235G,BOGO,4.79,SNACKS,2026-10-01,2026-10-07,valid
northmart,100239,V202,NO NAME PAPER TOWEL 6 ROLLS,SAVE 2.00,9.99,HOUSEHOLD,2026-10-01,,need review
northmart,100240,V101,HEINZ KETCHUP 1L,30% OFF,5.49,GROCERY,2026-10-01,2026-10-07,valid
boreal,100241,V303,CHEERIOS CEREAL 0.43KG,2/7$,649,GROCERY,2026-01-10,2026-07-10,out_of_period
northmart,100242,V101,DEMPSTERS WHOLE WHEAT BREAD 675G,$2.99,3.99,BAKERY,2026-09-24,2026-09-30,out_of_period
northmart,100244,V101,MAPLE LEAF BACON 375 G,$4.99,4.49,MEAT,2026-10-01,2026-10-07,valid
northmart,100245,V202,NORTHSHORE BAKEHOUSE SOURDOUGH 600G,$3.49,4.29,BAKERY,2026-10-01,2026-10-07,valid
boreal,100246,V303,OASIS JUS ORANGE 1.89L,ACHETEZ 1 OBTENEZ 1 GRATUIT,479,BEVERAGE,2026-10-01,2026-10-07,valid
northmart,100247,V101,QUAKER LARGE FLAKE OATS 1KG,SAVE $1.50,5.99,GROCERY,2026-10-07,2026-10-01,need review
northmart,100248,V202,CHARMIN ULTRA SOFT 12=24 ROLLS,$9.99,,HOUSEHOLD,2026-10-01,2026-10-07,valid
northmart,100249,V101,PC FREE FROM CHICKEN BREASTS,$6.99/LB,,MEAT,2026-10-01,2026-10-07,valid
northmart,100250,V202,TOSTITOS SALSA 418ML,2/$6,4.49,SNACKS,2026-10-01,2026-10-07,valid
northmart,100251,V101,DOVE BODY WASH 354 ML,25%,8.99,PERSONAL CARE,2026-10-01,2026-10-07,valid
boreal,100252,V303,LACTANTIA BEURRE SALE 454G,5.49 CH,699,DAIRY,2026-01-10,2026-07-10,out_of_period
northmart,100254,V202,BOUNTY SELECT-A-SIZE 6=15 ROLLS,$10.99,14.99,HOUSEHOLD,2026-10-01,2026-10-07,valid
northmart,100255,V101,CHRISTIE OREO COOKIES 303G,2/$7,4.99,SNACKS,2026-10-01,2026-10-07,valid
northmart,100256,V202,COCA COLA ZERO 2L,$2.49,3.29,BEVERAGE,2026-10-01,2026-10-07,valid
northmart,100257,V101,HEINZ BEANS 398ML,3/$4 LIMIT 6,1.79,GROCERY,2026-10-01,2026-10-07,valid
northmart,100258,V202,TIDE LIQUID 1.36L,9.99,17.99,HOUSEHOLD,2026-10-01,2026-10-07,valid
boreal,100259,V303,NATREL CREME 35% 473ML,ACHETEZ 2 ÉCONOMISEZ 1$,389,DAIRY,2026-01-10,2026-07-10,out_of_period
boreal,100231,V101,KD MAC&CHS ORIGINAL 225G,2/$3,1.99,GROCERY,2026-10-01,2026-10-07,valid
boreal,100240,V101,HEINZ KETCHUP 1L,30% OFF,5.49,GROCERY,2026-10-01,2026-10-07,valid
northmart,100236,V303,NATREL 2% LAIT 2L,2/$9,599,DAIRY,2026-01-10,2026-07-10,out_of_period
northmart,100233 ,V202,TIDE PODS 42CT,SAVE $4,15.99,HOUSEHOLD,2026-10-01,2026-10-07,valid
